Dataset,K,Balanced accuracy,CV SD
All genes,25,0.7353231244752544,0.031001880148963268
PAM50 removed,25,0.7057488267399659,0.026172766370464163
All genes,50,0.7731282278093424,0.052945772253128305
PAM50 removed,50,0.7872421051067363,0.05708187194088675
All genes,100,0.8418221118406877,0.03521201842676494
PAM50 removed,100,0.8306978305492236,0.03394405264304026
All genes,250,0.851386225745359,0.04384315547212627
PAM50 removed,250,0.8471321289649465,0.060157194806788106
All genes,500,0.8437779516664966,0.050907165530131776
PAM50 removed,500,0.8220914503453205,0.05086017021153562
All genes,1000,0.8507837240159223,0.053467932975418284
PAM50 removed,1000,0.8439277605779155,0.05483920772339475
All genes,2000,0.869885528300389,0.041535098369577854
PAM50 removed,2000,0.8593366674605065,0.047658065701809915
